My Plastic Heart (Plastic Operator Remix),My Plastic Heart,Frost,336.24771,22050,189436,0.622079646901,0.468032527968,AR91DZT1187FB4C599,52.47859,"Birmingham, England",-1.9086,f2796d87-1f6b-4c3f-a8d1-5b6b2e6d04db,1,0,0,0,0,0,0,0,0,0,0,0,0,0,0,0,0,0,0,1,0,0,0,0,0,0,0,0,0,0,0,0,0,0,0,0,0,0,0,0,0,1,0,0,0,0,0,0,0,0,1,0,0,0,1,0,0,0,0,0,0,0,1,0,0,1,0,0,0,0,0,0,0,0,0,0,0,0,0,0,0,0,0,0,0,0,0,0,0,0,0,0,1,0,0,0,0,0,0,0,0,0,0,0,0,0,0,0,0,0,0,0,0,0,0,0,0,0,0,0,0,0,0,0,0,0,0,0,0,0,0,0,0,-1,6b504262616b77ee7b5aab45227e4254,0.0,2.107,0.0,0,0.954,-12.624,1,0.726,624432,-1,SOTZIPQ12AB01803AA,314.427,126.946,3,0.207,TRBBBFO128F931535D,6931888,2010,0,0,0.317,0.215012820513,0.672,0.0,0.131459671134,234,50.313,1.16087,166.040536709,330.93142,1.16087,95.6857379552,234,38853.48559,,,,,,,,,,,,,,,,,,,,,,,,,,,,,,,,,,,,,,,,,,,,,,,,,,,,,,,,,,,,,,,,,,,,,,,,,,,,,,,,,,,,,,,,,,,,,,,,,,,,,,,,,,,,,,,,,,,,,,,,,,,,,,,,,,,,,,,,,,,,,,,,,,,,,,,,,,,,,,,,,,,,,,,,,,,,,,,,,,,,,,,,,,,,,,,,,,,,,,,,,,,,,,,,,,,,,,,,,,,,,,,,,,,,,,,,,,,,,,,,,,,,,
My Plastic Heart (Plastic Operator Remix),My Plastic Heart,Frost,336.24771,22050,189436,0.622079646901,0.468032527968,AR91DZT1187FB4C599,52.47859,"Birmingham, England",-1.9086,f2796d87-1f6b-4c3f-a8d1-5b6b2e6d04db,1,0,0,0,0,0,0,0,0,0,0,0,0,0,0,0,0,0,0,1,0,0,0,0,0,0,0,0,0,0,0,0,0,0,0,0,0,0,0,0,0,1,0,0,0,0,0,0,0,0,1,0,0,0,1,0,0,0,0,0,0,0,1,0,0,1,0,0,0,0,0,0,0,0,0,0,0,0,0,0,0,0,0,0,0,0,0,0,0,0,0,0,1,0,0,0,0,0,0,0,0,0,0,0,0,0,0,0,0,0,0,0,0,0,0,0,0,0,0,0,0,0,0,0,0,0,0,0,0,0,0,0,0,-1,6b504262616b77ee7b5aab45227e4254,0.0,2.107,0.0,0,0.954,-12.624,1,0.726,624432,-1,SOTZIPQ12AB01803AA,314.427,126.946,3,0.207,TRBBBFO128F931535D,6931888,0,0,1,0.127,0.215012820513,0.672,0.0,0.131459671134,234,50.313,2.57994,166.040536709,330.93142,1.16087,95.6857379552,234,38853.48559,,,,,,,,,,,,,,,,,,,,,,,,,,,,,,,,,,,,,,,,,,,,,,,,,,,,,,,,,,,,,,,,,,,,,,,,,,,,,,,,,,,,,,,,,,,,,,,,,,,,,,,,,,,,,,,,,,,,,,,,,,,,,,,,,,,,,,,,,,,,,,,,,,,,,,,,,,,,,,,,,,,,,,,,,,,,,,,,,,,,,,,,,,,,,,,,,,,,,,,,,,,,,,,,,,,,,,,,,,,,,,,,,,,,,,,,,,,,,,,,,,,,,
My Plastic Heart (Plastic Operator Remix),My Plastic Heart,Frost,12.24771,22050,189436,0.622079646901,0.468032527968,AR91DZT1187FB4C599,52.47859,"Birmingham, England",-1.9086,f2796d87-1f6b-4c3f-a8d1-5b6b2e6d04db,1,0,0,0,0,0,0,0,0,0,0,0,0,0,0,0,0,0,0,1,0,0,0,0,0,0,0,0,0,0,0,0,0,0,0,0,0,0,0,0,0,1,0,0,0,0,0,0,0,0,1,0,0,0,1,0,0,0,0,0,0,0,1,0,0,1,0,0,0,0,0,0,0,0,0,0,0,0,0,0,0,0,0,0,0,0,0,0,0,0,0,0,1,0,0,0,0,0,0,0,0,0,0,0,0,0,0,0,0,0,0,0,0,0,0,0,0,0,0,0,0,0,0,0,0,0,0,0,0,0,0,0,0,-1,6b504262616b77ee7b5aab45227e4254,0.0,2.107,0.0,0,0.954,-12.624,1,0.726,624432,-1,SOTZIPQ12AB01803AA,314.427,126.946,3,0.207,TRBBBFO128F931535D,6931888,0,0,2,0.201,0.215012820513,0.672,0.0,0.131459671134,234,50.313,3.99923,166.040536709,330.93142,1.16087,95.6857379552,234,38853.48559,,,,,,,,,,,,,,,,,,,,,,,,,,,,,,,,,,,,,,,,,,,,,,,,,,,,,,,,,,,,,,,,,,,,,,,,,,,,,,,,,,,,,,,,,,,,,,,,,,,,,,,,,,,,,,,,,,,,,,,,,,,,,,,,,,,,,,,,,,,,,,,,,,,,,,,,,,,,,,,,,,,,,,,,,,,,,,,,,,,,,,,,,,,,,,,,,,,,,,,,,,,,,,,,,,,,,,,,,,,,,,,,,,,,,,,,,,,,,,,,,,,,,
My Plastic Heart (Plastic Operator Remix),My Plastic Heart,Frost,450.24771,22050,189436,0.622079646901,0.468032527968,AR91DZT1187FB4C599,52.47859,"Birmingham, England",-1.9086,f2796d87-1f6b-4c3f-a8d1-5b6b2e6d04db,1,0,0,0,0,0,0,0,0,0,0,0,0,0,0,0,0,0,0,1,0,0,0,0,0,0,0,0,0,0,0,0,0,0,0,0,0,0,0,0,0,1,0,0,0,0,0,0,0,0,1,0,0,0,1,0,0,0,0,0,0,0,1,0,0,1,0,0,0,0,0,0,0,0,0,0,0,0,0,0,0,0,0,0,0,0,0,0,0,0,0,0,1,0,0,0,0,0,0,0,0,0,0,0,0,0,0,0,0,0,0,0,0,0,0,0,0,0,0,0,0,0,0,0,0,0,0,0,0,0,0,0,0,-1,6b504262616b77ee7b5aab45227e4254,0.0,2.107,0.0,0,0.954,-12.624,1,0.726,624432,-1,SOTZIPQ12AB01803AA,314.427,126.946,3,0.207,TRBBBFO128F931535D,6931888,0,0,3,0.31,0.215012820513,0.672,0.0,0.131459671134,234,50.313,5.41803,166.040536709,330.93142,1.16087,95.6857379552,234,38853.48559,,,,,,,,,,,,,,,,,,,,,,,,,,,,,,,,,,,,,,,,,,,,,,,,,,,,,,,,,,,,,,,,,,,,,,,,,,,,,,,,,,,,,,,,,,,,,,,,,,,,,,,,,,,,,,,,,,,,,,,,,,,,,,,,,,,,,,,,,,,,,,,,,,,,,,,,,,,,,,,,,,,,,,,,,,,,,,,,,,,,,,,,,,,,,,,,,,,,,,,,,,,,,,,,,,,,,,,,,,,,,,,,,,,,,,,,,,,,,,,,,,,,,
My Plastic Heart (Plastic Operator Remix),My Plastic Heart,Frost,336.24771,22050,189436,0.622079646901,0.468032527968,AR91DZT1187FB4C599,52.47859,"Birmingham, England",-1.9086,f2796d87-1f6b-4c3f-a8d1-5b6b2e6d04db,1,0,0,0,0,0,0,0,0,0,0,0,0,0,0,0,0,0,0,1,0,0,0,0,0,0,0,0,0,0,0,0,0,0,0,0,0,0,0,0,0,1,0,0,0,0,0,0,0,0,1,0,0,0,1,0,0,0,0,0,0,0,1,0,0,1,0,0,0,0,0,0,0,0,0,0,0,0,0,0,0,0,0,0,0,0,0,0,0,0,0,0,1,0,0,0,0,0,0,0,0,0,0,0,0,0,0,0,0,0,0,0,0,0,0,0,0,0,0,0,0,0,0,0,0,0,0,0,0,0,0,0,0,-1,6b504262616b77ee7b5aab45227e4254,0.0,2.107,0.0,0,0.954,-12.624,1,0.726,624432,-1,SOTZIPQ12AB01803AA,314.427,126.946,3,0.207,TRBBBFO128F931535D,6931888,0,0,4,0.065,0.215012820513,0.672,0.0,0.131459671134,234,50.313,6.83446,166.040536709,330.93142,1.16087,95.6857379552,234,38853.48559,,,,,,,,,,,,,,,,,,,,,,,,,,,,,,,,,,,,,,,,,,,,,,,,,,,,,,,,,,,,,,,,,,,,,,,,,,,,,,,,,,,,,,,,,,,,,,,,,,,,,,,,,,,,,,,,,,,,,,,,,,,,,,,,,,,,,,,,,,,,,,,,,,,,,,,,,,,,,,,,,,,,,,,,,,,,,,,,,,,,,,,,,,,,,,,,,,,,,,,,,,,,,,,,,,,,,,,,,,,,,,,,,,,,,,,,,,,,,,,,,,,,,
My Plastic Heart (Plastic Operator Remix),My Plastic Heart,Frost,336.24771,22050,189436,0.622079646901,0.468032527968,AR91DZT1187FB4C599,52.47859,"Birmingham, England",-1.9086,f2796d87-1f6b-4c3f-a8d1-5b6b2e6d04db,1,0,0,0,0,0,0,0,0,0,0,0,0,0,0,0,0,0,0,1,0,0,0,0,0,0,0,0,0,0,0,0,0,0,0,0,0,0,0,0,0,1,0,0,0,0,0,0,0,0,1,0,0,0,1,0,0,0,0,0,0,0,1,0,0,1,0,0,0,0,0,0,0,0,0,0,0,0,0,0,0,0,0,0,0,0,0,0,0,0,0,0,1,0,0,0,0,0,0,0,0,0,0,0,0,0,0,0,0,0,0,0,0,0,0,0,0,0,0,0,0,0,0,0,0,0,0,0,0,0,0,0,0,-1,6b504262616b77ee7b5aab45227e4254,0.0,2.107,0.0,0,0.954,-12.624,1,0.726,624432,-1,SOTZIPQ12AB01803AA,314.427,126.946,3,0.207,TRBBBFO128F931535D,6931888,0,0,5,0.194,0.215012820513,0.672,0.0,0.131459671134,234,50.313,8.25013,166.040536709,330.93142,1.16087,95.6857379552,234,38853.48559,,,,,,,,,,,,,,,,,,,,,,,,,,,,,,,,,,,,,,,,,,,,,,,,,,,,,,,,,,,,,,,,,,,,,,,,,,,,,,,,,,,,,,,,,,,,,,,,,,,,,,,,,,,,,,,,,,,,,,,,,,,,,,,,,,,,,,,,,,,,,,,,,,,,,,,,,,,,,,,,,,,,,,,,,,,,,,,,,,,,,,,,,,,,,,,,,,,,,,,,,,,,,,,,,,,,,,,,,,,,,,,,,,,,,,,,,,,,,,,,,,,,,
My Plastic Heart (Plastic Operator Remix),My Plastic Heart,Frost,336.24771,22050,189436,0.622079646901,0.468032527968,AR91DZT1187FB4C599,52.47859,"Birmingham, England",-1.9086,f2796d87-1f6b-4c3f-a8d1-5b6b2e6d04db,1,0,0,0,0,0,0,0,0,0,0,0,0,0,0,0,0,0,0,1,0,0,0,0,0,0,0,0,0,0,0,0,0,0,0,0,0,0,0,0,0,1,0,0,0,0,0,0,0,0,1,0,0,0,1,0,0,0,0,0,0,0,1,0,0,1,0,0,0,0,0,0,0,0,0,0,0,0,0,0,0,0,0,0,0,0,0,0,0,0,0,0,1,0,0,0,0,0,0,0,0,0,0,0,0,0,0,0,0,0,0,0,0,0,0,0,0,0,0,0,0,0,0,0,0,0,0,0,0,0,0,0,0,-1,6b504262616b77ee7b5aab45227e4254,0.0,2.107,0.0,0,0.954,-12.624,1,0.726,624432,-1,SOTZIPQ12AB01803AA,314.427,126.946,3,0.207,TRBBBFO128F931535D,6931888,0,0,6,0.448,0.215012820513,0.672,0.0,0.131459671134,234,50.313,9.67024,166.040536709,330.93142,1.16087,95.6857379552,234,38853.48559,,,,,,,,,,,,,,,,,,,,,,,,,,,,,,,,,,,,,,,,,,,,,,,,,,,,,,,,,,,,,,,,,,,,,,,,,,,,,,,,,,,,,,,,,,,,,,,,,,,,,,,,,,,,,,,,,,,,,,,,,,,,,,,,,,,,,,,,,,,,,,,,,,,,,,,,,,,,,,,,,,,,,,,,,,,,,,,,,,,,,,,,,,,,,,,,,,,,,,,,,,,,,,,,,,,,,,,,,,,,,,,,,,,,,,,,,,,,,,,,,,,,,
My Plastic Heart (Plastic Operator Remix),My Plastic Heart,Frost,336.24771,22050,189436,0.622079646901,0.468032527968,AR91DZT1187FB4C599,52.47859,"Birmingham, England",-1.9086,f2796d87-1f6b-4c3f-a8d1-5b6b2e6d04db,1,0,0,0,0,0,0,0,0,0,0,0,0,0,0,0,0,0,0,1,0,0,0,0,0,0,0,0,0,0,0,0,0,0,0,0,0,0,0,0,0,1,0,0,0,0,0,0,0,0,1,0,0,0,1,0,0,0,0,0,0,0,1,0,0,1,0,0,0,0,0,0,0,0,0,0,0,0,0,0,0,0,0,0,0,0,0,0,0,0,0,0,1,0,0,0,0,0,0,0,0,0,0,0,0,0,0,0,0,0,0,0,0,0,0,0,0,0,0,0,0,0,0,0,0,0,0,0,0,0,0,0,0,-1,6b504262616b77ee7b5aab45227e4254,0.0,2.107,0.0,0,0.954,-12.624,1,0.726,624432,-1,SOTZIPQ12AB01803AA,314.427,126.946,3,0.207,TRBBBFO128F931535D,6931888,0,0,7,0.058,0.215012820513,0.672,0.0,0.131459671134,234,50.313,11.08578,166.040536709,330.93142,1.16087,95.6857379552,234,38853.48559,,,,,,,,,,,,,,,,,,,,,,,,,,,,,,,,,,,,,,,,,,,,,,,,,,,,,,,,,,,,,,,,,,,,,,,,,,,,,,,,,,,,,,,,,,,,,,,,,,,,,,,,,,,,,,,,,,,,,,,,,,,,,,,,,,,,,,,,,,,,,,,,,,,,,,,,,,,,,,,,,,,,,,,,,,,,,,,,,,,,,,,,,,,,,,,,,,,,,,,,,,,,,,,,,,,,,,,,,,,,,,,,,,,,,,,,,,,,,,,,,,,,,
My Plastic Heart (Plastic Operator Remix),My Plastic Heart,Frost,336.24771,22050,189436,0.622079646901,0.468032527968,AR91DZT1187FB4C599,52.47859,"Birmingham, England",-1.9086,f2796d87-1f6b-4c3f-a8d1-5b6b2e6d04db,1,0,0,0,0,0,0,0,0,0,0,0,0,0,0,0,0,0,0,1,0,0,0,0,0,0,0,0,0,0,0,0,0,0,0,0,0,0,0,0,0,1,0,0,0,0,0,0,0,0,1,0,0,0,1,0,0,0,0,0,0,0,1,0,0,1,0,0,0,0,0,0,0,0,0,0,0,0,0,0,0,0,0,0,0,0,0,0,0,0,0,0,1,0,0,0,0,0,0,0,0,0,0,0,0,0,0,0,0,0,0,0,0,0,0,0,0,0,0,0,0,0,0,0,0,0,0,0,0,0,0,0,0,-1,6b504262616b77ee7b5aab45227e4254,0.0,2.107,0.0,0,0.954,-12.624,1,0.726,624432,-1,SOTZIPQ12AB01803AA,314.427,126.946,3,0.207,TRBBBFO128F931535D,6931888,0,0,8,0.213,0.215012820513,0.672,0.0,0.131459671134,234,50.313,12.50342,166.040536709,330.93142,1.16087,95.6857379552,234,38853.48559,,,,,,,,,,,,,,,,,,,,,,,,,,,,,,,,,,,,,,,,,,,,,,,,,,,,,,,,,,,,,,,,,,,,,,,,,,,,,,,,,,,,,,,,,,,,,,,,,,,,,,,,,,,,,,,,,,,,,,,,,,,,,,,,,,,,,,,,,,,,,,,,,,,,,,,,,,,,,,,,,,,,,,,,,,,,,,,,,,,,,,,,,,,,,,,,,,,,,,,,,,,,,,,,,,,,,,,,,,,,,,,,,,,,,,,,,,,,,,,,,,,,,
My Plastic Heart (Plastic Operator Remix),My Plastic Heart,Frost,336.24771,22050,189436,0.622079646901,0.468032527968,AR91DZT1187FB4C599,52.47859,"Birmingham, England",-1.9086,f2796d87-1f6b-4c3f-a8d1-5b6b2e6d04db,1,0,0,0,0,0,0,0,0,0,0,0,0,0,0,0,0,0,0,1,0,0,0,0,0,0,0,0,0,0,0,0,0,0,0,0,0,0,0,0,0,1,0,0,0,0,0,0,0,0,1,0,0,0,1,0,0,0,0,0,0,0,1,0,0,1,0,0,0,0,0,0,0,0,0,0,0,0,0,0,0,0,0,0,0,0,0,0,0,0,0,0,1,0,0,0,0,0,0,0,0,0,0,0,0,0,0,0,0,0,0,0,0,0,0,0,0,0,0,0,0,0,0,0,0,0,0,0,0,0,0,0,0,-1,6b504262616b77ee7b5aab45227e4254,0.0,2.107,0.0,0,0.954,-12.624,1,0.726,624432,-1,SOTZIPQ12AB01803AA,314.427,126.946,3,0.207,TRBBBFO128F931535D,6931888,0,0,9,0.165,0.215012820513,0.672,0.0,0.131459671134,234,50.313,13.91631,166.040536709,330.93142,1.16087,95.6857379552,234,38853.48559,,,,,,,,,,,,,,,,,,,,,,,,,,,,,,,,,,,,,,,,,,,,,,,,,,,,,,,,,,,,,,,,,,,,,,,,,,,,,,,,,,,,,,,,,,,,,,,,,,,,,,,,,,,,,,,,,,,,,,,,,,,,,,,,,,,,,,,,,,,,,,,,,,,,,,,,,,,,,,,,,,,,,,,,,,,,,,,,,,,,,,,,,,,,,,,,,,,,,,,,,,,,,,,,,,,,,,,,,,,,,,,,,,,,,,,,,,,,,,,,,,,,,
Pink World,Pink World,Planet P Project,269.81832,22050,276891,0.426667857069,0.332275746599,AR8ZCNI1187B9A069B,-1,,-1,19d232b9-b4d7-4dc8-b259-bf65efb655b1,0,0,1,0,0,0,0,0,0,0,0,0,0,0,0,0,0,0,0,0,0,0,0,0,0,0,0,0,0,1,0,0,0,0,0,0,0,0,0,0,0,1,0,0,0,0,0,0,0,0,1,0,0,0,0,0,0,0,0,0,0,0,0,0,0,1,0,0,0,0,0,0,0,0,0,0,0,0,0,0,0,0,0,0,0,0,0,0,0,0,0,0,0,0,0,0,0,0,0,0,0,0,0,0,0,0,0,0,0,0,0,0,0,0,0,0,0,0,0,0,0,1,0,0,0,0,0,0,0,0,0,0,0,-1,eda960ea61211d980653d589e8e74c1d,0.0,5.3,0.0,4,0.717,-13.496,1,0.652,358182,0.265861049211,SOIAZJW12AB01853F1,258.99,86.643,4,0.487,TRAAARJ128F9320760,3996579,1984,5,1513,,,,,,,,,,,,,,,,,,,,,,,,,,,,,,,,,,,,,,,,,,,,,,,,,,,,,,,,,,,,,,,,,,,,,,,,,,,,,,,,,,,,,,,,,,,,,,,,,,,,,,,,,,,,,,,,,,,,,,,,,,,,,,,,,,,,,,,,,,,,,,,,,,,,,,,,,,,,,,,,,,,,,,,,,,,,,,,,,,,,,,,,,,,,,,,,,,,,,,,,,,,,,,,,,,,,,,,,,,,,,,,,,,,,,,,,,,,,,,,,,,,,,,0.0,0.178847669074,0.6,0.0,0.101979703474,1523,272.385,264.38891,133.573818555,265.95197,1.22595,76.4984606591,1523,203432.92566
Pink World,Pink World,Planet P Project,269.81832,22050,276891,0.426667857069,0.332275746599,AR8ZCNI1187B9A069B,-1,,-1,19d232b9-b4d7-4dc8-b259-bf65efb655b1,0,0,1,0,0,0,0,0,0,0,0,0,0,0,0,0,0,0,0,0,0,0,0,0,0,0,0,0,0,1,0,0,0,0,0,0,0,0,0,0,0,1,0,0,0,0,0,0,0,0,1,0,0,0,0,0,0,0,0,0,0,0,0,0,0,1,0,0,0,0,0,0,0,0,0,0,0,0,0,0,0,0,0,0,0,0,0,0,0,0,0,0,0,0,0,0,0,0,0,0,0,0,0,0,0,0,0,0,0,0,0,0,0,0,0,0,0,0,0,0,0,1,0,0,0,0,0,0,0,0,0,0,0,-1,eda960ea61211d980653d589e8e74c1d,0.0,5.3,0.0,4,0.717,-13.496,1,0.652,358182,0.265861049211,SOIAZJW12AB01853F1,258.99,86.643,4,0.487,TRAAARJ128F9320760,3996579,1984,5,1514,,,,,,,,,,,,,,,,,,,,,,,,,,,,,,,,,,,,,,,,,,,,,,,,,,,,,,,,,,,,,,,,,,,,,,,,,,,,,,,,,,,,,,,,,,,,,,,,,,,,,,,,,,,,,,,,,,,,,,,,,,,,,,,,,,,,,,,,,,,,,,,,,,,,,,,,,,,,,,,,,,,,,,,,,,,,,,,,,,,,,,,,,,,,,,,,,,,,,,,,,,,,,,,,,,,,,,,,,,,,,,,,,,,,,,,,,,,,,,,,,,,,,,0.0,0.178847669074,0.6,0.0,0.101979703474,1523,272.385,264.56259,133.573818555,265.95197,1.22595,76.4984606591,1523,203432.92566
Pink World,Pink World,Planet P Project,269.81832,22050,276891,0.426667857069,0.332275746599,AR8ZCNI1187B9A069B,-1,,-1,19d232b9-b4d7-4dc8-b259-bf65efb655b1,0,0,1,0,0,0,0,0,0,0,0,0,0,0,0,0,0,0,0,0,0,0,0,0,0,0,0,0,0,1,0,0,0,0,0,0,0,0,0,0,0,1,0,0,0,0,0,0,0,0,1,0,0,0,0,0,0,0,0,0,0,0,0,0,0,1,0,0,0,0,0,0,0,0,0,0,0,0,0,0,0,0,0,0,0,0,0,0,0,0,0,0,0,0,0,0,0,0,0,0,0,0,0,0,0,0,0,0,0,0,0,0,0,0,0,0,0,0,0,0,0,1,0,0,0,0,0,0,0,0,0,0,0,-1,eda960ea61211d980653d589e8e74c1d,0.0,5.3,0.0,4,0.717,-13.496,1,0.652,358182,0.265861049211,SOIAZJW12AB01853F1,258.99,86.643,4,0.487,TRAAARJ128F9320760,3996579,1984,5,1515,,,,,,,,,,,,,,,,,,,,,,,,,,,,,,,,,,,,,,,,,,,,,,,,,,,,,,,,,,,,,,,,,,,,,,,,,,,,,,,,,,,,,,,,,,,,,,,,,,,,,,,,,,,,,,,,,,,,,,,,,,,,,,,,,,,,,,,,,,,,,,,,,,,,,,,,,,,,,,,,,,,,,,,,,,,,,,,,,,,,,,,,,,,,,,,,,,,,,,,,,,,,,,,,,,,,,,,,,,,,,,,,,,,,,,,,,,,,,,,,,,,,,,0.0,0.178847669074,0.6,0.0,0.101979703474,1523,272.385,264.73626,133.573818555,265.95197,1.22595,76.4984606591,1523,203432.92566
Pink World,Pink World,Planet P Project,269.81832,22050,276891,0.426667857069,0.332275746599,AR8ZCNI1187B9A069B,-1,,-1,19d232b9-b4d7-4dc8-b259-bf65efb655b1,0,0,1,0,0,0,0,0,0,0,0,0,0,0,0,0,0,0,0,0,0,0,0,0,0,0,0,0,0,1,0,0,0,0,0,0,0,0,0,0,0,1,0,0,0,0,0,0,0,0,1,0,0,0,0,0,0,0,0,0,0,0,0,0,0,1,0,0,0,0,0,0,0,0,0,0,0,0,0,0,0,0,0,0,0,0,0,0,0,0,0,0,0,0,0,0,0,0,0,0,0,0,0,0,0,0,0,0,0,0,0,0,0,0,0,0,0,0,0,0,0,1,0,0,0,0,0,0,0,0,0,0,0,-1,eda960ea61211d980653d589e8e74c1d,0.0,5.3,0.0,4,0.717,-13.496,1,0.652,358182,0.265861049211,SOIAZJW12AB01853F1,258.99,86.643,4,0.487,TRAAARJ128F9320760,3996579,1984,5,1516,,,,,,,,,,,,,,,,,,,,,,,,,,,,,,,,,,,,,,,,,,,,,,,,,,,,,,,,,,,,,,,,,,,,,,,,,,,,,,,,,,,,,,,,,,,,,,,,,,,,,,,,,,,,,,,,,,,,,,,,,,,,,,,,,,,,,,,,,,,,,,,,,,,,,,,,,,,,,,,,,,,,,,,,,,,,,,,,,,,,,,,,,,,,,,,,,,,,,,,,,,,,,,,,,,,,,,,,,,,,,,,,,,,,,,,,,,,,,,,,,,,,,,0.0,0.178847669074,0.6,0.0,0.101979703474,1523,272.385,264.90993,133.573818555,265.95197,1.22595,76.4984606591,1523,203432.92566
Pink World,Pink World,Planet P Project,269.81832,22050,276891,0.426667857069,0.332275746599,AR8ZCNI1187B9A069B,-1,,-1,19d232b9-b4d7-4dc8-b259-bf65efb655b1,0,0,1,0,0,0,0,0,0,0,0,0,0,0,0,0,0,0,0,0,0,0,0,0,0,0,0,0,0,1,0,0,0,0,0,0,0,0,0,0,0,1,0,0,0,0,0,0,0,0,1,0,0,0,0,0,0,0,0,0,0,0,0,0,0,1,0,0,0,0,0,0,0,0,0,0,0,0,0,0,0,0,0,0,0,0,0,0,0,0,0,0,0,0,0,0,0,0,0,0,0,0,0,0,0,0,0,0,0,0,0,0,0,0,0,0,0,0,0,0,0,1,0,0,0,0,0,0,0,0,0,0,0,-1,eda960ea61211d980653d589e8e74c1d,0.0,5.3,0.0,4,0.717,-13.496,1,0.652,358182,0.265861049211,SOIAZJW12AB01853F1,258.99,86.643,4,0.487,TRAAARJ128F9320760,3996579,1984,5,1517,,,,,,,,,,,,,,,,,,,,,,,,,,,,,,,,,,,,,,,,,,,,,,,,,,,,,,,,,,,,,,,,,,,,,,,,,,,,,,,,,,,,,,,,,,,,,,,,,,,,,,,,,,,,,,,,,,,,,,,,,,,,,,,,,,,,,,,,,,,,,,,,,,,,,,,,,,,,,,,,,,,,,,,,,,,,,,,,,,,,,,,,,,,,,,,,,,,,,,,,,,,,,,,,,,,,,,,,,,,,,,,,,,,,,,,,,,,,,,,,,,,,,,0.0,0.178847669074,0.6,0.0,0.101979703474,1523,272.385,265.08361,133.573818555,265.95197,1.22595,76.4984606591,1523,203432.92566
Pink World,Pink World,Planet P Project,269.81832,22050,276891,0.426667857069,0.332275746599,AR8ZCNI1187B9A069B,-1,,-1,19d232b9-b4d7-4dc8-b259-bf65efb655b1,0,0,1,0,0,0,0,0,0,0,0,0,0,0,0,0,0,0,0,0,0,0,0,0,0,0,0,0,0,1,0,0,0,0,0,0,0,0,0,0,0,1,0,0,0,0,0,0,0,0,1,0,0,0,0,0,0,0,0,0,0,0,0,0,0,1,0,0,0,0,0,0,0,0,0,0,0,0,0,0,0,0,0,0,0,0,0,0,0,0,0,0,0,0,0,0,0,0,0,0,0,0,0,0,0,0,0,0,0,0,0,0,0,0,0,0,0,0,0,0,0,1,0,0,0,0,0,0,0,0,0,0,0,-1,eda960ea61211d980653d589e8e74c1d,0.0,5.3,0.0,4,0.717,-13.496,1,0.652,358182,0.265861049211,SOIAZJW12AB01853F1,258.99,86.643,4,0.487,TRAAARJ128F9320760,3996579,1984,5,1518,,,,,,,,,,,,,,,,,,,,,,,,,,,,,,,,,,,,,,,,,,,,,,,,,,,,,,,,,,,,,,,,,,,,,,,,,,,,,,,,,,,,,,,,,,,,,,,,,,,,,,,,,,,,,,,,,,,,,,,,,,,,,,,,,,,,,,,,,,,,,,,,,,,,,,,,,,,,,,,,,,,,,,,,,,,,,,,,,,,,,,,,,,,,,,,,,,,,,,,,,,,,,,,,,,,,,,,,,,,,,,,,,,,,,,,,,,,,,,,,,,,,,,0.0,0.178847669074,0.6,0.0,0.101979703474,1523,272.385,265.25728,133.573818555,265.95197,1.22595,76.4984606591,1523,203432.92566
Pink World,Pink World,Planet P Project,769.81832,22050,276891,0.426667857069,0.332275746599,AR8ZCNI1187B9A069B,-1,,-1,19d232b9-b4d7-4dc8-b259-bf65efb655b1,0,0,1,0,0,0,0,0,0,0,0,0,0,0,0,0,0,0,0,0,0,0,0,0,0,0,0,0,0,1,0,0,0,0,0,0,0,0,0,0,0,1,0,0,0,0,0,0,0,0,1,0,0,0,0,0,0,0,0,0,0,0,0,0,0,1,0,0,0,0,0,0,0,0,0,0,0,0,0,0,0,0,0,0,0,0,0,0,0,0,0,0,0,0,0,0,0,0,0,0,0,0,0,0,0,0,0,0,0,0,0,0,0,0,0,0,0,0,0,0,0,1,0,0,0,0,0,0,0,0,0,0,0,-1,eda960ea61211d980653d589e8e74c1d,0.0,5.3,0.0,4,0.717,-13.496,1,0.652,358182,0.265861049211,SOIAZJW12AB01853F1,258.99,86.643,4,0.487,TRAAARJ128F9320760,3996579,1984,5,1519,,,,,,,,,,,,,,,,,,,,,,,,,,,,,,,,,,,,,,,,,,,,,,,,,,,,,,,,,,,,,,,,,,,,,,,,,,,,,,,,,,,,,,,,,,,,,,,,,,,,,,,,,,,,,,,,,,,,,,,,,,,,,,,,,,,,,,,,,,,,,,,,,,,,,,,,,,,,,,,,,,,,,,,,,,,,,,,,,,,,,,,,,,,,,,,,,,,,,,,,,,,,,,,,,,,,,,,,,,,,,,,,,,,,,,,,,,,,,,,,,,,,,,0.0,0.178847669074,0.6,0.0,0.101979703474,1523,272.385,265.43095,133.573818555,265.95197,1.22595,76.4984606591,1523,203432.92566
Pink World,Pink World,Planet P Project,169.81832,22050,276891,0.667857069,0.332275746599,AR8ZCNI1187B9A069B,-1,,-1,19d232b9-b4d7-4dc8-b259-bf65efb655b1,0,0,1,0,0,0,0,0,0,0,0,0,0,0,0,0,0,0,0,0,0,0,0,0,0,0,0,0,0,1,0,0,0,0,0,0,0,0,0,0,0,1,0,0,0,0,0,0,0,0,1,0,0,0,0,0,0,0,0,0,0,0,0,0,0,1,0,0,0,0,0,0,0,0,0,0,0,0,0,0,0,0,0,0,0,0,0,0,0,0,0,0,0,0,0,0,0,0,0,0,0,0,0,0,0,0,0,0,0,0,0,0,0,0,0,0,0,0,0,0,0,1,0,0,0,0,0,0,0,0,0,0,0,-1,eda960ea61211d980653d589e8e74c1d,0.0,5.3,0.0,4,0.717,-13.496,1,0.652,358182,0.265861049211,SOIAZJW12AB01853F1,258.99,86.643,4,0.487,TRAAARJ128F9320760,3996579,1984,5,1520,,,,,,,,,,,,,,,,,,,,,,,,,,,,,,,,,,,,,,,,,,,,,,,,,,,,,,,,,,,,,,,,,,,,,,,,,,,,,,,,,,,,,,,,,,,,,,,,,,,,,,,,,,,,,,,,,,,,,,,,,,,,,,,,,,,,,,,,,,,,,,,,,,,,,,,,,,,,,,,,,,,,,,,,,,,,,,,,,,,,,,,,,,,,,,,,,,,,,,,,,,,,,,,,,,,,,,,,,,,,,,,,,,,,,,,,,,,,,,,,,,,,,,0.0,0.178847669074,0.6,0.0,0.101979703474,1523,272.385,265.60463,133.573818555,265.95197,1.22595,76.4984606591,1523,203432.92566
Pink World,Pink World,Planet P Project,269.81832,22050,276891,0.426667857069,0.332275746599,AR8ZCNI1187B9A069B,-1,,-1,19d232b9-b4d7-4dc8-b259-bf65efb655b1,0,0,1,0,0,0,0,0,0,0,0,0,0,0,0,0,0,0,0,0,0,0,0,0,0,0,0,0,0,1,0,0,0,0,0,0,0,0,0,0,0,1,0,0,0,0,0,0,0,0,1,0,0,0,0,0,0,0,0,0,0,0,0,0,0,1,0,0,0,0,0,0,0,0,0,0,0,0,0,0,0,0,0,0,0,0,0,0,0,0,0,0,0,0,0,0,0,0,0,0,0,0,0,0,0,0,0,0,0,0,0,0,0,0,0,0,0,0,0,0,0,1,0,0,0,0,0,0,0,0,0,0,0,-1,eda960ea61211d980653d589e8e74c1d,0.0,5.3,0.0,4,0.717,-13.496,1,0.652,358182,0.265861049211,SOIAZJW12AB01853F1,258.99,86.643,4,0.487,TRAAARJ128F9320760,3996579,2005,5,1521,,,,,,,,,,,,,,,,,,,,,,,,,,,,,,,,,,,,,,,,,,,,,,,,,,,,,,,,,,,,,,,,,,,,,,,,,,,,,,,,,,,,,,,,,,,,,,,,,,,,,,,,,,,,,,,,,,,,,,,,,,,,,,,,,,,,,,,,,,,,,,,,,,,,,,,,,,,,,,,,,,,,,,,,,,,,,,,,,,,,,,,,,,,,,,,,,,,,,,,,,,,,,,,,,,,,,,,,,,,,,,,,,,,,,,,,,,,,,,,,,,,,,,0.0,0.178847669074,0.6,0.0,0.101979703474,1523,272.385,265.7783,133.573818555,265.95197,1.22595,76.4984606591,1523,203432.92566
Pink World,Pink World,Planet P Project,269.81832,22050,276891,0.426667857069,0.332275746599,AR8ZCNI1187B9A069B,-1,,-1,19d232b9-b4d7-4dc8-b259-bf65efb655b1,0,0,1,0,0,0,0,0,0,0,0,0,0,0,0,0,0,0,0,0,0,0,0,0,0,0,0,0,0,1,0,0,0,0,0,0,0,0,0,0,0,1,0,0,0,0,0,0,0,0,1,0,0,0,0,0,0,0,0,0,0,0,0,0,0,1,0,0,0,0,0,0,0,0,0,0,0,0,0,0,0,0,0,0,0,0,0,0,0,0,0,0,0,0,0,0,0,0,0,0,0,0,0,0,0,0,0,0,0,0,0,0,0,0,0,0,0,0,0,0,0,1,0,0,0,0,0,0,0,0,0,0,0,-1,eda960ea61211d980653d589e8e74c1d,0.0,5.3,0.0,4,0.717,-13.496,1,0.652,358182,0.265861049211,SOIAZJW12AB01853F1,258.99,86.643,4,0.487,TRAAARJ128F9320760,3996579,2005,5,1522,,,,,,,,,,,,,,,,,,,,,,,,,,,,,,,,,,,,,,,,,,,,,,,,,,,,,,,,,,,,,,,,,,,,,,,,,,,,,,,,,,,,,,,,,,,,,,,,,,,,,,,,,,,,,,,,,,,,,,,,,,,,,,,,,,,,,,,,,,,,,,,,,,,,,,,,,,,,,,,,,,,,,,,,,,,,,,,,,,,,,,,,,,,,,,,,,,,,,,,,,,,,,,,,,,,,,,,,,,,,,,,,,,,,,,,,,,,,,,,,,,,,,,0.0,0.178847669074,0.6,0.0,0.101979703474,1523,272.385,265.95197,133.573818555,265.95197,1.22595,76.4984606591,1523,203432.92566
